{
	"computational_parameters": {
		"d_psi": 1.0,
		"spanwise_elements": 48,
		"shed_history_angle": 45.0,
		"convergence_criteria": 0.000001,
		"convergence_type": "trim",
		"r_0": 1.0,
		"a1": 5.0e-5,
        "post_conv_revolutions": 2
	},
	"flight_conditions": [
		{
			"name": "BL",
			"aoa": -4.5,
			"density": 1.2055,
			"omegas": [
				109.12
			],
			"sos": 341.7,
			"T": [
				3300
			],
            "Mx": [
                20
            ],
            "My": [
                20
            ],
			"psi_3": 300,
			"theta_3": 0.0,
			"V_inf": 32.9,
			"observer_file": "hart_ii_observers.json",
			"acoustics_file": "acoustics_total_noise.json",
			"flapping_coefficients": {
                "coning": 2.5,
				"cos": [
					-0.006045,
					 0.001823,
					-0.0006507,
					-0.001048,
					-0.0001358
            	],
				"sin": [
                    -0.007737,
					-0.000473,
					0.0008844,
					5.391e-06
                ],
				"w": 1.006
			},
            "moment_trim_const": 3
		},
		{
			"name": "MN",
			"aoa": -4.5,
			"density": 1.1931,
			"omegas": [
				109.01
			],
			"sos": 342.2,
			"T": [
				3300
			],
            "Mx": [
                30
            ],
            "My": [
                30
            ],
			"psi_3": 300,
			"theta_3": 0.8,
			"V_inf": 32.9,
			"observer_file": "hart_ii_observers.json",
			"acoustics_file": "acoustics_total_noise.json",
			"flapping_coefficients": {
                "coning": 2.5,
				"cos": [
					-0.006225,
					0.003451,
					-0.002218,
					-0.004673,
					-4.758e-05
            	],
				"sin": [
					-0.009049,
					0.001918,
					0.002614,
					-7.714e-05
                ],
				"w": 1.005
			},
            "moment_trim_const": 3
		},
		{
			"name": "MV",
			"aoa": -4.5,
			"density": 1.1868,
			"omegas": [
				109.01
			],
			"sos": 343.0,
			"T": [
				3290
			],
            "Mx": [
                20
            ],
            "My": [
                30
            ],
			"psi_3": 180,
			"theta_3": 0.8,
			"V_inf": 32.9,
			"observer_file": "hart_ii_observers.json",
			"acoustics_file": "acoustics_total_noise.json",
			"flapping_coefficients": {
                "coning": 2.5,
				"cos": [
					-0.005427,
					0.00125,
					0.002281,
					0.00313,
					-0.0001839,
					-0.0001863,
					-5.047e-05,
					-6.264e-05,
					8.483e-06
            	],
				"sin": [
					-0.008116,
					-0.0008061,
					  0.002982,
					  2.82e-05,
					 2.413e-05,
					 7.308e-06,
					-0.0001206,
					 2.687e-05
                ],
				"w": 1.0
			},
            "moment_trim_const": 3
		}
	],
	"results": {
		"wake_slices": [
			{
				"resolution": [456, 152, 80],
				"slice_start": [-6.5, -1.5, -1],
				"slice_size": [9, 3.0, 1.5]
			}
		]
	}
}