{
	"observer": {
		"cutoff_units": "bpf",
		"low_pass_cutoff": 25,
		"high_pass_cutoff": 6,
		"type": "points",
		"radii_relative": false,
		"layout": [11, 1, 1],
		"x": [-4.65085e-20, -4.65085e-20, -4.65085e-20, -4.65085e-20, -4.65085e-20, -4.65085e-20, -4.65085e-20, -4.65085e-20, -4.65085e-20, -4.65085e-20, -4.65085e-20],
		"y": [1.8542, 1.8542, 1.8542, 1.8542, 1.8542, 1.8542, 1.8542, 1.8542, 1.8542, 1.8542, 1.8542],
		"z": [-0.787061, -0.602466, -0.394122, -0.194884, -0, 0.194884, 0.394122, 0.602466, 0.787061, 0.985896, 1.15863]
	}
}